{
    "Headline": {
      "EffectiveDate": "2022-11-03T07:00:00+01:00",
      "EffectiveEpochDate": 1667455200,
      "Severity": 3,
      "Text": "Expect showery weather Thursday morning through Friday afternoon",
      "Category": "rain",
      "EndDate": "2022-11-04T19:00:00+01:00",
      "EndEpochDate": 1667584800,
      "MobileLink": "http://www.accuweather.com/en/fr/paris/623/daily-weather-forecast/623?lang=en-us",
      "Link": "http://www.accuweather.com/en/fr/paris/623/daily-weather-forecast/623?lang=en-us"
    },
    "DailyForecasts": [
      {
        "Date": "2022-11-02T07:00:00+01:00",
        "EpochDate": 1667368800,
        "Temperature": {
          "Minimum": {
            "Value": 52,
            "Unit": "F",
            "UnitType": 18
          },
          "Maximum": {
            "Value": 60,
            "Unit": "F",
            "UnitType": 18
          }
        },
        "Day": {
          "Icon": 6,
          "IconPhrase": "Mostly cloudy",
          "HasPrecipitation": false
        },
        "Night": {
          "Icon": 38,
          "IconPhrase": "Mostly cloudy",
          "HasPrecipitation": false
        },
        "Sources": [
          "AccuWeather"
        ],
        "MobileLink": "http://www.accuweather.com/en/fr/paris/623/daily-weather-forecast/623?day=1&lang=en-us",
        "Link": "http://www.accuweather.com/en/fr/paris/623/daily-weather-forecast/623?day=1&lang=en-us"
      },
      {
        "Date": "2022-11-03T07:00:00+01:00",
        "EpochDate": 1667455200,
        "Temperature": {
          "Minimum": {
            "Value": 47,
            "Unit": "F",
            "UnitType": 18
          },
          "Maximum": {
            "Value": 59,
            "Unit": "F",
            "UnitType": 18
          }
        },
        "Day": {
          "Icon": 12,
          "IconPhrase": "Showers",
          "HasPrecipitation": true,
          "PrecipitationType": "Rain",
          "PrecipitationIntensity": "Light"
        },
        "Night": {
          "Icon": 12,
          "IconPhrase": "Showers",
          "HasPrecipitation": true,
          "PrecipitationType": "Rain",
          "PrecipitationIntensity": "Light"
        },
        "Sources": [
          "AccuWeather"
        ],
        "MobileLink": "http://www.accuweather.com/en/fr/paris/623/daily-weather-forecast/623?day=2&lang=en-us",
        "Link": "http://www.accuweather.com/en/fr/paris/623/daily-weather-forecast/623?day=2&lang=en-us"
      },
      {
        "Date": "2022-11-04T07:00:00+01:00",
        "EpochDate": 1667541600,
        "Temperature": {
          "Minimum": {
            "Value": 43,
            "Unit": "F",
            "UnitType": 18
          },
          "Maximum": {
            "Value": 53,
            "Unit": "F",
            "UnitType": 18
          }
        },
        "Day": {
          "Icon": 14,
          "IconPhrase": "Partly sunny w/ showers",
          "HasPrecipitation": true,
          "PrecipitationType": "Rain",
          "PrecipitationIntensity": "Light"
        },
        "Night": {
          "Icon": 34,
          "IconPhrase": "Mostly clear",
          "HasPrecipitation": false
        },
        "Sources": [
          "AccuWeather"
        ],
        "MobileLink": "http://www.accuweather.com/en/fr/paris/623/daily-weather-forecast/623?day=3&lang=en-us",
        "Link": "http://www.accuweather.com/en/fr/paris/623/daily-weather-forecast/623?day=3&lang=en-us"
      },
      {
        "Date": "2022-11-05T07:00:00+01:00",
        "EpochDate": 1667628000,
        "Temperature": {
          "Minimum": {
            "Value": 44,
            "Unit": "F",
            "UnitType": 18
          },
          "Maximum": {
            "Value": 54,
            "Unit": "F",
            "UnitType": 18
          }
        },
        "Day": {
          "Icon": 2,
          "IconPhrase": "Mostly sunny",
          "HasPrecipitation": false
        },
        "Night": {
          "Icon": 7,
          "IconPhrase": "Cloudy",
          "HasPrecipitation": false
        },
        "Sources": [
          "AccuWeather"
        ],
        "MobileLink": "http://www.accuweather.com/en/fr/paris/623/daily-weather-forecast/623?day=4&lang=en-us",
        "Link": "http://www.accuweather.com/en/fr/paris/623/daily-weather-forecast/623?day=4&lang=en-us"
      },
      {
        "Date": "2022-11-06T07:00:00+01:00",
        "EpochDate": 1667714400,
        "Temperature": {
          "Minimum": {
            "Value": 47,
            "Unit": "F",
            "UnitType": 18
          },
          "Maximum": {
            "Value": 52,
            "Unit": "F",
            "UnitType": 18
          }
        },
        "Day": {
          "Icon": 12,
          "IconPhrase": "Showers",
          "HasPrecipitation": true,
          "PrecipitationType": "Rain",
          "PrecipitationIntensity": "Light"
        },
        "Night": {
          "Icon": 36,
          "IconPhrase": "Intermittent clouds",
          "HasPrecipitation": false
        },
        "Sources": [
          "AccuWeather"
        ],
        "MobileLink": "http://www.accuweather.com/en/fr/paris/623/daily-weather-forecast/623?day=5&lang=en-us",
        "Link": "http://www.accuweather.com/en/fr/paris/623/daily-weather-forecast/623?day=5&lang=en-us"
      }
    ]
  }